{
  "train_losses": [],
  "val_losses": [],
  "val_aucs": [],
  "best_epoch": 18,
  "best_val_auc": null,
  "train_accuracy": 0.93125,
  "train_precision": 0.9726027397260274,
  "train_recall": 0.8875,
  "train_f1": 0.9281045751633987,
  "train_auc": 0.9768749999999999,
  "val_accuracy": 0.925,
  "val_precision": 1.0,
  "val_recall": 0.85,
  "val_f1": 0.918918918918919,
  "val_auc": 0.9974999999999999
}